original_transcript_id,query_type,original_query,query_output,remarks
9696-9616-4755-7024,Causal (Task 1),What specific event led to the escalation in Transcript 9696-9616-4755-7024?,"In Transcript 9696-9616-4755-7024, Turn 5 identifies the causal trigger. The customer stated: 'I must have missed that letter. What exactly is changing?'. This explains the outcome: Customer Amy Green experienced streaming service outage for since yesterday due to content server damage, requiring service restoration timeline and temporary workaround solution..",IDRecall: Verified: 9696-9616-4755-7024 matches Ground Truth. Faithfulness: Turn 5 evidence validated via direct quote. Relevancy: Context preserved; sequential logic applied.
5740-5449-5404-3628,Causal (Task 1),What specific event led to the escalation in Transcript 5740-5449-5404-3628?,"In Transcript 5740-5449-5404-3628, Turn 5 identifies the causal trigger. The customer stated: 'I must have missed that letter. What exactly is changing?'. This explains the outcome: Customer Andrew Davis rescheduled appointment with Dr. Martinez, requested prescription refill, and verified physical therapy insurance coverage..",IDRecall: Verified: 5740-5449-5404-3628 matches Ground Truth. Faithfulness: Turn 5 evidence validated via direct quote. Relevancy: Context preserved; sequential logic applied.
8497-9367-5054-1682,Causal (Task 1),What specific event led to the escalation in Transcript 8497-9367-5054-1682?,"In Transcript 8497-9367-5054-1682, Turn 3 identifies the causal trigger. The customer stated: 'It's 182398.'. This explains the outcome: Customer Andrew Hernandez reported fraudulent $612.31 charge in Nevada, updated phone number, and enabled two-factor authentication..",IDRecall: Verified: 8497-9367-5054-1682 matches Ground Truth. Faithfulness: Turn 3 evidence validated via direct quote. Relevancy: Context preserved; sequential logic applied.
7081-8323-5374-3099,Causal (Task 1),What specific event led to the escalation in Transcript 7081-8323-5374-3099?,"In Transcript 7081-8323-5374-3099, Turn 3 identifies the causal trigger. The customer stated: 'Yes, it ends in 8364.'. This explains the outcome: Customer Anthony Harris called to check on a delayed shipment, initiate a return for a different order, and request help with resetting their account password..",IDRecall: Verified: 7081-8323-5374-3099 matches Ground Truth. Faithfulness: Turn 3 evidence validated via direct quote. Relevancy: Context preserved; sequential logic applied.
2232-3139-6632-2348,Causal (Task 1),What specific event led to the escalation in Transcript 2232-3139-6632-2348?,"In Transcript 2232-3139-6632-2348, Turn 3 identifies the causal trigger. The customer stated: '2239.'. This explains the outcome: Customer Anthony Harris called to dispute an incorrect charge on their statement and also needed assistance setting up direct deposit for their paycheck..",IDRecall: Verified: 2232-3139-6632-2348 matches Ground Truth. Faithfulness: Turn 3 evidence validated via direct quote. Relevancy: Context preserved; sequential logic applied.
3317-5440-7354-2785,Causal (Task 1),What specific event led to the escalation in Transcript 3317-5440-7354-2785?,"In Transcript 3317-5440-7354-2785, Turn 3 identifies the causal trigger. The customer stated: 'It's 182398.'. This explains the outcome: Customer Anthony Harris called to dispute charges on their bill, inquire about upgrading their internet plan, and request a replacement for a malfunctioning router..",IDRecall: Verified: 3317-5440-7354-2785 matches Ground Truth. Faithfulness: Turn 3 evidence validated via direct quote. Relevancy: Context preserved; sequential logic applied.
7351-7226-8175-8711,Causal (Task 1),What specific event led to the escalation in Transcript 7351-7226-8175-8711?,"In Transcript 7351-7226-8175-8711, Turn 3 identifies the causal trigger. The customer stated: 'It's 732411.'. This explains the outcome: Customer Anthony Harris reported an internet outage, requested to downgrade their plan to save money, and wanted to set up automatic payments..",IDRecall: Verified: 7351-7226-8175-8711 matches Ground Truth. Faithfulness: Turn 3 evidence validated via direct quote. Relevancy: Context preserved; sequential logic applied.
7040-3585-8018-5953,Causal (Task 1),What specific event led to the escalation in Transcript 7040-3585-8018-5953?,"In Transcript 7040-3585-8018-5953, Turn 5 identifies the causal trigger. The customer stated: 'I must have missed that letter. What exactly is changing?'. This explains the outcome: Customer Barbara Patel experienced access issues with mobile app due to security hold triggered by credentials reset, requiring identity verification and manual hold removal..",IDRecall: Verified: 7040-3585-8018-5953 matches Ground Truth. Faithfulness: Turn 5 evidence validated via direct quote. Relevancy: Context preserved; sequential logic applied.
4170-9507-9581-3369,Causal (Task 1),What specific event led to the escalation in Transcript 4170-9507-9581-3369?,"In Transcript 4170-9507-9581-3369, Turn 5 identifies the causal trigger. The customer stated: 'I must have missed that letter. What exactly is changing?'. This explains the outcome: Customer Betty Thompson threatened legal action after receiving three consecutive missing itemss despite multiple complaints and promises of resolution..",IDRecall: Verified: 4170-9507-9581-3369 matches Ground Truth. Faithfulness: Turn 5 evidence validated via direct quote. Relevancy: Context preserved; sequential logic applied.
6214-1726-1207-3540,Causal (Task 1),What specific event led to the escalation in Transcript 6214-1726-1207-3540?,"In Transcript 6214-1726-1207-3540, Turn 3 identifies the causal trigger. The customer stated: 'It's 182398.'. This explains the outcome: Customer Betty Walker reported internet disconnecting, requested plan downgrade, and updated payment method..",IDRecall: Verified: 6214-1726-1207-3540 matches Ground Truth. Faithfulness: Turn 3 evidence validated via direct quote. Relevancy: Context preserved; sequential logic applied.
1807-5764-6399-8435,Causal (Task 1),What specific event led to the escalation in Transcript 1807-5764-6399-8435?,"In Transcript 1807-5764-6399-8435, Turn 3 identifies the causal trigger. The customer stated: 'It's 182398.'. This explains the outcome: Customer Brian Anderson needed assistance with damaged coffee table return/replacement, account email update, and discount code issue resolution..",IDRecall: Verified: 1807-5764-6399-8435 matches Ground Truth. Faithfulness: Turn 3 evidence validated via direct quote. Relevancy: Context preserved; sequential logic applied.
7063-9533-8075-6609,Causal (Task 1),What specific event led to the escalation in Transcript 7063-9533-8075-6609?,"In Transcript 7063-9533-8075-6609, Turn 5 identifies the causal trigger. The customer stated: 'I must have missed that letter. What exactly is changing?'. This explains the outcome: Customer Brian Wilson experienced cable TV outage for since yesterday due to broadcast system damage, requiring service restoration timeline and temporary workaround solution..",IDRecall: Verified: 7063-9533-8075-6609 matches Ground Truth. Faithfulness: Turn 5 evidence validated via direct quote. Relevancy: Context preserved; sequential logic applied.
4337-7390-4169-6039,Causal (Task 1),What specific event led to the escalation in Transcript 4337-7390-4169-6039?,"In Transcript 4337-7390-4169-6039, Turn 3 identifies the causal trigger. The customer stated: '2239.'. This explains the outcome: Customer Charles Jones extended reservation, reported air conditioning issue, and booked spa appointment..",IDRecall: Verified: 4337-7390-4169-6039 matches Ground Truth. Faithfulness: Turn 3 evidence validated via direct quote. Relevancy: Context preserved; sequential logic applied.
9135-2374-3448-1797,Causal (Task 1),What specific event led to the escalation in Transcript 9135-2374-3448-1797?,"In Transcript 9135-2374-3448-1797, Turn 3 identifies the causal trigger. The customer stated: 'It's 182398.'. This explains the outcome: Customer Christina Morris contacted support during planned system outage for system optimization, requiring alternative payment processing and service information..",IDRecall: Verified: 9135-2374-3448-1797 matches Ground Truth. Faithfulness: Turn 3 evidence validated via direct quote. Relevancy: Context preserved; sequential logic applied.
5543-6940-4021-8233,Causal (Task 1),What specific event led to the escalation in Transcript 5543-6940-4021-8233?,"In Transcript 5543-6940-4021-8233, Turn 5 identifies the causal trigger. The customer stated: 'I must have missed that letter. What exactly is changing?'. This explains the outcome: Customer Christopher Perez escalated to supervisor after experiencing multiple failed balance inquiries and poor service recovery attempts over three weeks..",IDRecall: Verified: 5543-6940-4021-8233 matches Ground Truth. Faithfulness: Turn 5 evidence validated via direct quote. Relevancy: Context preserved; sequential logic applied.
8072-1063-4887-7024,Causal (Task 1),What specific event led to the escalation in Transcript 8072-1063-4887-7024?,"In Transcript 8072-1063-4887-7024, Turn 3 identifies the causal trigger. The customer stated: 'Yes, it ends in 8364.'. This explains the outcome: Customer David Taylor called during a major regional network outage caused by fiber cable damage, affecting thousands of customers..",IDRecall: Verified: 8072-1063-4887-7024 matches Ground Truth. Faithfulness: Turn 3 evidence validated via direct quote. Relevancy: Context preserved; sequential logic applied.
5887-9802-9427-1918,Causal (Task 1),What specific event led to the escalation in Transcript 5887-9802-9427-1918?,"In Transcript 5887-9802-9427-1918, Turn 3 identifies the causal trigger. The customer stated: 'It's 182398.'. This explains the outcome: Customer David Taylor contacted the bank regarding fraudulent charges, and during the call also requested an address change and inquired about increasing their credit limit..",IDRecall: Verified: 5887-9802-9427-1918 matches Ground Truth. Faithfulness: Turn 3 evidence validated via direct quote. Relevancy: Context preserved; sequential logic applied.
7693-9145-8896-9589,Causal (Task 1),What specific event led to the escalation in Transcript 7693-9145-8896-9589?,"In Transcript 7693-9145-8896-9589, Turn 3 identifies the causal trigger. The customer stated: 'It's 90719447. The claim number is 185908.'. This explains the outcome: Customer Deborah Castillo experienced room assignment discrepancy upon check-in due to upgrade mix-up, requiring immediate room reallocation and service recovery..",IDRecall: Verified: 7693-9145-8896-9589 matches Ground Truth. Faithfulness: Turn 3 evidence validated via direct quote. Relevancy: Context preserved; sequential logic applied.
9874-3584-6142-1413,Causal (Task 1),What specific event led to the escalation in Transcript 9874-3584-6142-1413?,"In Transcript 9874-3584-6142-1413, Turn 5 identifies the causal trigger. The customer stated: 'I must have missed that letter. What exactly is changing?'. This explains the outcome: Customer Douglas Morales reported a smart watch showing as delivered but never received, requiring delivery investigation and replacement shipment..",IDRecall: Verified: 9874-3584-6142-1413 matches Ground Truth. Faithfulness: Turn 5 evidence validated via direct quote. Relevancy: Context preserved; sequential logic applied.
8000-9263-4327-5482,Causal (Task 1),What specific event led to the escalation in Transcript 8000-9263-4327-5482?,"In Transcript 8000-9263-4327-5482, Turn 3 identifies the causal trigger. The customer stated: 'It's 94954168. The claim number is 859089.'. This explains the outcome: Customer Edward King called to dispute charges on their bill, inquire about upgrading their internet plan, and request a replacement for a malfunctioning router..",IDRecall: Verified: 8000-9263-4327-5482 matches Ground Truth. Faithfulness: Turn 3 evidence validated via direct quote. Relevancy: Context preserved; sequential logic applied.
9903-7584-7525-6042,Causal (Task 1),What specific event led to the escalation in Transcript 9903-7584-7525-6042?,"In Transcript 9903-7584-7525-6042, Turn 3 identifies the causal trigger. The customer stated: 'It's 90719447. The claim number is 185908.'. This explains the outcome: Customer Elizabeth Wilson called after receiving notification about a data breach affecting their account information, requiring immediate security measures..",IDRecall: Verified: 9903-7584-7525-6042 matches Ground Truth. Faithfulness: Turn 3 evidence validated via direct quote. Relevancy: Context preserved; sequential logic applied.
6870-5766-2486-6879,Causal (Task 1),What specific event led to the escalation in Transcript 6870-5766-2486-6879?,"In Transcript 6870-5766-2486-6879, Turn 5 identifies the causal trigger. The customer stated: 'I must have missed that letter. What exactly is changing?'. This explains the outcome: Customer Eric Murphy needed assistance with damaged glass vase return/replacement, account email update, and discount code issue resolution..",IDRecall: Verified: 6870-5766-2486-6879 matches Ground Truth. Faithfulness: Turn 5 evidence validated via direct quote. Relevancy: Context preserved; sequential logic applied.
4940-1538-6317-7376,Causal (Task 1),What specific event led to the escalation in Transcript 4940-1538-6317-7376?,"In Transcript 4940-1538-6317-7376, Turn 5 identifies the causal trigger. The customer stated: 'I must have missed that letter. What exactly is changing?'. This explains the outcome: Customer Helen Wright called to check on a delayed shipment, initiate a return for a different order, and request help with resetting their account password..",IDRecall: Verified: 4940-1538-6317-7376 matches Ground Truth. Faithfulness: Turn 5 evidence validated via direct quote. Relevancy: Context preserved; sequential logic applied.
7881-5696-9013-4311,Causal (Task 1),What specific event led to the escalation in Transcript 7881-5696-9013-4311?,"In Transcript 7881-5696-9013-4311, Turn 3 identifies the causal trigger. The customer stated: 'Yes, it ends in 8364.'. This explains the outcome: Customer Helen Wright contacted the bank regarding fraudulent charges, and during the call also requested an address change and inquired about increasing their credit limit..",IDRecall: Verified: 7881-5696-9013-4311 matches Ground Truth. Faithfulness: Turn 3 evidence validated via direct quote. Relevancy: Context preserved; sequential logic applied.
6603-8610-4930-6453,Causal (Task 1),What specific event led to the escalation in Transcript 6603-8610-4930-6453?,"In Transcript 6603-8610-4930-6453, Turn 5 identifies the causal trigger. The customer stated: 'I must have missed that letter. What exactly is changing?'. This explains the outcome: Customer Henry Kim called regarding denial of prescription medication claim due to formulary status timing issues, requiring appeals process initiation and case review..",IDRecall: Verified: 6603-8610-4930-6453 matches Ground Truth. Faithfulness: Turn 5 evidence validated via direct quote. Relevancy: Context preserved; sequential logic applied.
4506-2495-5554-7527,Causal (Task 1),What specific event led to the escalation in Transcript 4506-2495-5554-7527?,"In Transcript 4506-2495-5554-7527, Turn 5 identifies the causal trigger. The customer stated: 'I must have missed that letter. What exactly is changing?'. This explains the outcome: Customer James Lee extended reservation, reported air conditioning issue, and booked spa appointment..",IDRecall: Verified: 4506-2495-5554-7527 matches Ground Truth. Faithfulness: Turn 5 evidence validated via direct quote. Relevancy: Context preserved; sequential logic applied.
3813-7897-6349-1917,Causal (Task 1),What specific event led to the escalation in Transcript 3813-7897-6349-1917?,"In Transcript 3813-7897-6349-1917, Turn 3 identifies the causal trigger. The customer stated: '9/21/1971.'. This explains the outcome: Customer James Miller called to dispute an incorrect charge on their statement and also needed assistance setting up direct deposit for their paycheck..",IDRecall: Verified: 3813-7897-6349-1917 matches Ground Truth. Faithfulness: Turn 3 evidence validated via direct quote. Relevancy: Context preserved; sequential logic applied.
4564-4100-3521-9926,Causal (Task 1),What specific event led to the escalation in Transcript 4564-4100-3521-9926?,"In Transcript 4564-4100-3521-9926, Turn 3 identifies the causal trigger. The customer stated: '2239.'. This explains the outcome: Customer Janet King received fraud alert for unauthorized $892.75 charge in California, requiring card cancellation, transaction reversal, and new card issuance..",IDRecall: Verified: 4564-4100-3521-9926 matches Ground Truth. Faithfulness: Turn 3 evidence validated via direct quote. Relevancy: Context preserved; sequential logic applied.
3748-4488-6199-2778,Causal (Task 1),What specific event led to the escalation in Transcript 3748-4488-6199-2778?,"In Transcript 3748-4488-6199-2778, Turn 5 identifies the causal trigger. The customer stated: 'I must have missed that letter. What exactly is changing?'. This explains the outcome: Customer Jennifer Brown called during active DDoS cyber attack disrupting internet service across multiple states..",IDRecall: Verified: 3748-4488-6199-2778 matches Ground Truth. Faithfulness: Turn 5 evidence validated via direct quote. Relevancy: Context preserved; sequential logic applied.
7269-3117-7104-2296,Causal (Task 1),What specific event led to the escalation in Transcript 7269-3117-7104-2296?,"In Transcript 7269-3117-7104-2296, Turn 5 identifies the causal trigger. The customer stated: 'I must have missed that letter. What exactly is changing?'. This explains the outcome: Customer Jose Baker threatened legal action after receiving four consecutive incorrect orders despite multiple complaints and promises of resolution..",IDRecall: Verified: 7269-3117-7104-2296 matches Ground Truth. Faithfulness: Turn 5 evidence validated via direct quote. Relevancy: Context preserved; sequential logic applied.
4979-5354-7613-7643,Causal (Task 1),What specific event led to the escalation in Transcript 4979-5354-7613-7643?,"In Transcript 4979-5354-7613-7643, Turn 3 identifies the causal trigger. The customer stated: 'It's 90719447. The claim number is 185908.'. This explains the outcome: Customer Joseph Cox called regarding product recall for SmartCook pressure cooker due to pressure valve malfunction, requiring safety information and product replacement coordination..",IDRecall: Verified: 4979-5354-7613-7643 matches Ground Truth. Faithfulness: Turn 3 evidence validated via direct quote. Relevancy: Context preserved; sequential logic applied.
5109-9631-3450-6196,Causal (Task 1),What specific event led to the escalation in Transcript 5109-9631-3450-6196?,"In Transcript 5109-9631-3450-6196, Turn 5 identifies the causal trigger. The customer stated: 'I must have missed that letter. What exactly is changing?'. This explains the outcome: Customer Kevin Sanchez inquired about pending claim status, verified lab work coverage, and requested to add spouse to policy..",IDRecall: Verified: 5109-9631-3450-6196 matches Ground Truth. Faithfulness: Turn 5 evidence validated via direct quote. Relevancy: Context preserved; sequential logic applied.
1183-9381-7716-7043,Causal (Task 1),What specific event led to the escalation in Transcript 1183-9381-7716-7043?,"In Transcript 1183-9381-7716-7043, Turn 3 identifies the causal trigger. The customer stated: 'It's 90719447. The claim number is 185908.'. This explains the outcome: Customer Lisa Anderson inquired about order status during warehouse fire emergency affecting thousands of orders..",IDRecall: Verified: 1183-9381-7716-7043 matches Ground Truth. Faithfulness: Turn 3 evidence validated via direct quote. Relevancy: Context preserved; sequential logic applied.
4193-6821-7914-5406,Causal (Task 1),What specific event led to the escalation in Transcript 4193-6821-7914-5406?,"In Transcript 4193-6821-7914-5406, Turn 3 identifies the causal trigger. The customer stated: '2239.'. This explains the outcome: Customer Maria Harris received fraud alert for unauthorized $356.82 charge in California, requiring card cancellation, transaction reversal, and new card issuance..",IDRecall: Verified: 4193-6821-7914-5406 matches Ground Truth. Faithfulness: Turn 3 evidence validated via direct quote. Relevancy: Context preserved; sequential logic applied.
6007-6245-1843-3814,Causal (Task 1),What specific event led to the escalation in Transcript 6007-6245-1843-3814?,"In Transcript 6007-6245-1843-3814, Turn 5 identifies the causal trigger. The customer stated: 'I must have missed that letter. What exactly is changing?'. This explains the outcome: Customer Mary Johnson demanded executive intervention after bank incorrectly closed active account without notification..",IDRecall: Verified: 6007-6245-1843-3814 matches Ground Truth. Faithfulness: Turn 5 evidence validated via direct quote. Relevancy: Context preserved; sequential logic applied.
4177-6500-1451-8053,Causal (Task 1),What specific event led to the escalation in Transcript 4177-6500-1451-8053?,"In Transcript 4177-6500-1451-8053, Turn 3 identifies the causal trigger. The customer stated: '7423.'. This explains the outcome: Customer Mary Johnson threatened to cancel service after repeated outages and billing errors over multiple months..",IDRecall: Verified: 4177-6500-1451-8053 matches Ground Truth. Faithfulness: Turn 3 evidence validated via direct quote. Relevancy: Context preserved; sequential logic applied.
7913-2769-3889-4491,Causal (Task 1),What specific event led to the escalation in Transcript 7913-2769-3889-4491?,"In Transcript 7913-2769-3889-4491, Turn 3 identifies the causal trigger. The customer stated: '2239.'. This explains the outcome: Customer Matthew Hill reported a coffee maker showing as delivered but never received, requiring delivery investigation and replacement shipment..",IDRecall: Verified: 7913-2769-3889-4491 matches Ground Truth. Faithfulness: Turn 3 evidence validated via direct quote. Relevancy: Context preserved; sequential logic applied.
4464-8589-4345-2552,Causal (Task 1),What specific event led to the escalation in Transcript 4464-8589-4345-2552?,"In Transcript 4464-8589-4345-2552, Turn 3 identifies the causal trigger. The customer stated: 'Yes, it ends in 8364.'. This explains the outcome: Customer Melissa Johnson rescheduled appointment with Dr. Martinez, requested prescription refill, and verified physical therapy insurance coverage..",IDRecall: Verified: 4464-8589-4345-2552 matches Ground Truth. Faithfulness: Turn 3 evidence validated via direct quote. Relevancy: Context preserved; sequential logic applied.
5077-9145-8210-2147,Causal (Task 1),What specific event led to the escalation in Transcript 5077-9145-8210-2147?,"In Transcript 5077-9145-8210-2147, Turn 5 identifies the causal trigger. The customer stated: 'I must have missed that letter. What exactly is changing?'. This explains the outcome: Customer Michael Brown reported fraudulent $876.43 charge in Florida, updated phone number, and enabled two-factor authentication..",IDRecall: Verified: 5077-9145-8210-2147 matches Ground Truth. Faithfulness: Turn 5 evidence validated via direct quote. Relevancy: Context preserved; sequential logic applied.
3123-8916-3689-3847,Causal (Task 1),What specific event led to the escalation in Transcript 3123-8916-3689-3847?,"In Transcript 3123-8916-3689-3847, Turn 3 identifies the causal trigger. The customer stated: 'It's 64441776. The claim number is 168388.'. This explains the outcome: Customer Michael Davis unable to access accounts during failed system upgrade causing nationwide banking outage..",IDRecall: Verified: 3123-8916-3689-3847 matches Ground Truth. Faithfulness: Turn 3 evidence validated via direct quote. Relevancy: Context preserved; sequential logic applied.
5774-8161-8342-9024,Causal (Task 1),What specific event led to the escalation in Transcript 5774-8161-8342-9024?,"In Transcript 5774-8161-8342-9024, Turn 5 identifies the causal trigger. The customer stated: 'I must have missed that letter. What exactly is changing?'. This explains the outcome: Customer Patricia Garcia called after receiving notification about a data breach affecting their account information, requiring immediate security measures..",IDRecall: Verified: 5774-8161-8342-9024 matches Ground Truth. Faithfulness: Turn 5 evidence validated via direct quote. Relevancy: Context preserved; sequential logic applied.
9446-9115-8825-7053,Causal (Task 1),What specific event led to the escalation in Transcript 9446-9115-8825-7053?,"In Transcript 9446-9115-8825-7053, Turn 3 identifies the causal trigger. The customer stated: 'It's 1783921. The tracking was marked delivered yesterday afternoon, but there was nothing at my door.'. This explains the outcome: Customer Patricia Ortiz experienced software crash after software update installation due to rendering engine compatibility issue, resolved with hotfix patch application..",IDRecall: Verified: 9446-9115-8825-7053 matches Ground Truth. Faithfulness: Turn 3 evidence validated via direct quote. Relevancy: Context preserved; sequential logic applied.
4212-4465-2243-5578,Causal (Task 1),What specific event led to the escalation in Transcript 4212-4465-2243-5578?,"In Transcript 4212-4465-2243-5578, Turn 3 identifies the causal trigger. The customer stated: '2239.'. This explains the outcome: Customer Raymond Robinson experienced software crash after automatic update installation due to core components compatibility issue, resolved with hotfix patch application..",IDRecall: Verified: 4212-4465-2243-5578 matches Ground Truth. Faithfulness: Turn 3 evidence validated via direct quote. Relevancy: Context preserved; sequential logic applied.
9541-2681-3581-9009,Causal (Task 1),What specific event led to the escalation in Transcript 9541-2681-3581-9009?,"In Transcript 9541-2681-3581-9009, Turn 3 identifies the causal trigger. The customer stated: 'It's 90719447. The claim number is 185908.'. This explains the outcome: Customer Richard Alvarez called regarding denial of specialist consultation claim due to referral requirements timing issues, requiring appeals process initiation and case review..",IDRecall: Verified: 9541-2681-3581-9009 matches Ground Truth. Faithfulness: Turn 3 evidence validated via direct quote. Relevancy: Context preserved; sequential logic applied.
8706-6061-9616-8563,Causal (Task 1),What specific event led to the escalation in Transcript 8706-6061-9616-8563?,"In Transcript 8706-6061-9616-8563, Turn 5 identifies the causal trigger. The customer stated: 'I must have missed that letter. What exactly is changing?'. This explains the outcome: Customer Robert Williams called during a major regional network outage caused by fiber cable damage, affecting thousands of customers..",IDRecall: Verified: 8706-6061-9616-8563 matches Ground Truth. Faithfulness: Turn 5 evidence validated via direct quote. Relevancy: Context preserved; sequential logic applied.
9992-5296-7881-3180,Causal (Task 1),What specific event led to the escalation in Transcript 9992-5296-7881-3180?,"In Transcript 9992-5296-7881-3180, Turn 3 identifies the causal trigger. The customer stated: 'It's 12383145. The claim number is 921498.'. This explains the outcome: Customer Samuel Chavez contacted support during planned system outage for infrastructure improvement, requiring alternative payment processing and service information..",IDRecall: Verified: 9992-5296-7881-3180 matches Ground Truth. Faithfulness: Turn 3 evidence validated via direct quote. Relevancy: Context preserved; sequential logic applied.
5888-6523-4970-6535,Causal (Task 1),What specific event led to the escalation in Transcript 5888-6523-4970-6535?,"In Transcript 5888-6523-4970-6535, Turn 5 identifies the causal trigger. The customer stated: 'I must have missed that letter. What exactly is changing?'. This explains the outcome: Customer Sandra Clark inquired about delayed order 3422720, duplicate charge issue, and requested email address update..",IDRecall: Verified: 5888-6523-4970-6535 matches Ground Truth. Faithfulness: Turn 5 evidence validated via direct quote. Relevancy: Context preserved; sequential logic applied.
3734-1180-8579-3605,Causal (Task 1),What specific event led to the escalation in Transcript 3734-1180-8579-3605?,"In Transcript 3734-1180-8579-3605, Turn 5 identifies the causal trigger. The customer stated: 'I must have missed that letter. What exactly is changing?'. This explains the outcome: Customer Sandra Lopez reported an internet outage, requested to downgrade their plan to save money, and wanted to set up automatic payments..",IDRecall: Verified: 3734-1180-8579-3605 matches Ground Truth. Faithfulness: Turn 5 evidence validated via direct quote. Relevancy: Context preserved; sequential logic applied.
2412-3485-5373-8807,Causal (Task 1),What specific event led to the escalation in Transcript 2412-3485-5373-8807?,"In Transcript 2412-3485-5373-8807, Turn 3 identifies the causal trigger. The customer stated: '2239.'. This explains the outcome: Customer Sarah Hall experienced access issues with customer dashboard due to security hold triggered by access code reset, requiring identity verification and manual hold removal..",IDRecall: Verified: 2412-3485-5373-8807 matches Ground Truth. Faithfulness: Turn 3 evidence validated via direct quote. Relevancy: Context preserved; sequential logic applied.
4245-4349-4756-9570,Causal (Task 1),What specific event led to the escalation in Transcript 4245-4349-4756-9570?,"In Transcript 4245-4349-4756-9570, Turn 5 identifies the causal trigger. The customer stated: 'I must have missed that letter. What exactly is changing?'. This explains the outcome: Customer Shirley Phillips escalated to supervisor after experiencing multiple failed direct deposits and poor service recovery attempts over several weeks..",IDRecall: Verified: 4245-4349-4756-9570 matches Ground Truth. Faithfulness: Turn 5 evidence validated via direct quote. Relevancy: Context preserved; sequential logic applied.
1511-1013-9273-2188,Causal (Task 1),What specific event led to the escalation in Transcript 1511-1013-9273-2188?,"In Transcript 1511-1013-9273-2188, Turn 3 identifies the causal trigger. The customer stated: '1472.'. This explains the outcome: Customer Steven Carter threatened to cancel service after repeated outages and billing errors over multiple months..",IDRecall: Verified: 1511-1013-9273-2188 matches Ground Truth. Faithfulness: Turn 3 evidence validated via direct quote. Relevancy: Context preserved; sequential logic applied.
9307-2129-1351-7178,Causal (Task 1),What specific event led to the escalation in Transcript 9307-2129-1351-7178?,"In Transcript 9307-2129-1351-7178, Turn 3 identifies the causal trigger. The customer stated: 'It's 90719447. The claim number is 185908.'. This explains the outcome: Customer Steven Lewis inquired about delayed order 5568605, duplicate charge issue, and requested email address update..",IDRecall: Verified: 9307-2129-1351-7178 matches Ground Truth. Faithfulness: Turn 3 evidence validated via direct quote. Relevancy: Context preserved; sequential logic applied.
5856-5729-9058-5127,Causal (Task 1),What specific event led to the escalation in Transcript 5856-5729-9058-5127?,"In Transcript 5856-5729-9058-5127, Turn 5 identifies the causal trigger. The customer stated: 'I must have missed that letter. What exactly is changing?'. This explains the outcome: Customer Susan Lewis reported router not working, requested plan downgrade, and updated payment method..",IDRecall: Verified: 5856-5729-9058-5127 matches Ground Truth. Faithfulness: Turn 5 evidence validated via direct quote. Relevancy: Context preserved; sequential logic applied.
1480-6743-3910-1873,Causal (Task 1),What specific event led to the escalation in Transcript 1480-6743-3910-1873?,"In Transcript 1480-6743-3910-1873, Turn 3 identifies the causal trigger. The customer stated: 'It's 182398.'. This explains the outcome: Customer Thomas Perez inquired about pending claim status, verified lab work coverage, and requested to add spouse to policy..",IDRecall: Verified: 1480-6743-3910-1873 matches Ground Truth. Faithfulness: Turn 3 evidence validated via direct quote. Relevancy: Context preserved; sequential logic applied.
1965-2208-1461-5822,Causal (Task 1),What specific event led to the escalation in Transcript 1965-2208-1461-5822?,"In Transcript 1965-2208-1461-5822, Turn 3 identifies the causal trigger. The customer stated: '9/21/1965.'. This explains the outcome: Customer Timothy Scott demanded executive intervention after bank incorrectly closed active account without notification..",IDRecall: Verified: 1965-2208-1461-5822 matches Ground Truth. Faithfulness: Turn 3 evidence validated via direct quote. Relevancy: Context preserved; sequential logic applied.
1449-6165-5866-4171,Causal (Task 1),What specific event led to the escalation in Transcript 1449-6165-5866-4171?,"In Transcript 1449-6165-5866-4171, Turn 5 identifies the causal trigger. The customer stated: 'I must have missed that letter. What exactly is changing?'. This explains the outcome: Customer Timothy Scott inquired about order status during warehouse fire emergency affecting thousands of orders..",IDRecall: Verified: 1449-6165-5866-4171 matches Ground Truth. Faithfulness: Turn 5 evidence validated via direct quote. Relevancy: Context preserved; sequential logic applied.
2041-7776-9234-7897,Causal (Task 1),What specific event led to the escalation in Transcript 2041-7776-9234-7897?,"In Transcript 2041-7776-9234-7897, Turn 3 identifies the causal trigger. The customer stated: 'It's 182398.'. This explains the outcome: Customer Timothy Scott unable to access accounts during failed system upgrade causing nationwide banking outage..",IDRecall: Verified: 2041-7776-9234-7897 matches Ground Truth. Faithfulness: Turn 3 evidence validated via direct quote. Relevancy: Context preserved; sequential logic applied.
6739-5709-8818-7988,Causal (Task 1),What specific event led to the escalation in Transcript 6739-5709-8818-7988?,"In Transcript 6739-5709-8818-7988, Turn 5 identifies the causal trigger. The customer stated: 'I must have missed that letter. What exactly is changing?'. This explains the outcome: Customer Victoria Brown needed to reschedule follow-up consultation with Dr. Thompson due to I have a work conflict, requiring appointment modification and patient instructions..",IDRecall: Verified: 6739-5709-8818-7988 matches Ground Truth. Faithfulness: Turn 5 evidence validated via direct quote. Relevancy: Context preserved; sequential logic applied.
7177-9433-4004-1817,Causal (Task 1),What specific event led to the escalation in Transcript 7177-9433-4004-1817?,"In Transcript 7177-9433-4004-1817, Turn 3 identifies the causal trigger. The customer stated: 'It's 182398.'. This explains the outcome: Customer William Hughes called regarding product recall for Pro-Line food processor due to blade detachment issue, requiring safety information and product replacement coordination..",IDRecall: Verified: 7177-9433-4004-1817 matches Ground Truth. Faithfulness: Turn 3 evidence validated via direct quote. Relevancy: Context preserved; sequential logic applied.
6263-2866-4878-9093,Causal (Task 1),What specific event led to the escalation in Transcript 6263-2866-4878-9093?,"In Transcript 6263-2866-4878-9093, Turn 3 identifies the causal trigger. The customer stated: 'Yes, it ends in 8364.'. This explains the outcome: Customer William Moore called during active DDoS cyber attack disrupting internet service across multiple states..",IDRecall: Verified: 6263-2866-4878-9093 matches Ground Truth. Faithfulness: Turn 3 evidence validated via direct quote. Relevancy: Context preserved; sequential logic applied.
6104-3709-2410-7088,Causal (Task 1),What specific event led to the escalation in Transcript 6104-3709-2410-7088?,"In Transcript 6104-3709-2410-7088, Turn 5 identifies the causal trigger. The customer stated: 'I must have missed that letter. What exactly is changing?'. This explains the outcome: Customer Zachary Cooper experienced room assignment discrepancy upon check-in due to system error, requiring immediate room reallocation and service recovery..",IDRecall: Verified: 6104-3709-2410-7088 matches Ground Truth. Faithfulness: Turn 5 evidence validated via direct quote. Relevancy: Context preserved; sequential logic applied.
2263-2064-7816-5065,Causal (Task 1),What specific event led to the escalation in Transcript 2263-2064-7816-5065?,"In Transcript 2263-2064-7816-5065, Turn 5 identifies the causal trigger. The customer stated: 'I must have missed that letter. What exactly is changing?'. This explains the outcome: Guest Edward King called to report a problem with their hotel room, book a spa appointment, and request a late checkout for their departure day..",IDRecall: Verified: 2263-2064-7816-5065 matches Ground Truth. Faithfulness: Turn 5 evidence validated via direct quote. Relevancy: Context preserved; sequential logic applied.
5021-4251-8043-9183,Causal (Task 1),What specific event led to the escalation in Transcript 5021-4251-8043-9183?,"In Transcript 5021-4251-8043-9183, Turn 5 identifies the causal trigger. The customer stated: 'It's 1155-1925-8678. But honestly, I don't think you can help me. I need to speak with a supervisor.'. This explains the outcome: Guest Robert Williams called to report a problem with their hotel room, book a spa appointment, and request a late checkout for their departure day..",IDRecall: Verified: 5021-4251-8043-9183 matches Ground Truth. Faithfulness: Turn 5 evidence validated via direct quote. Relevancy: Context preserved; sequential logic applied.
6734-5316-3902-5031,Causal (Task 1),What specific event led to the escalation in Transcript 6734-5316-3902-5031?,"In Transcript 6734-5316-3902-5031, Turn 5 identifies the causal trigger. The customer stated: 'I must have missed that letter. What exactly is changing?'. This explains the outcome: Patient Anthony Harris called to inquire about recent test results, request a referral to a specialist, and question an unexpected charge on their account..",IDRecall: Verified: 6734-5316-3902-5031 matches Ground Truth. Faithfulness: Turn 5 evidence validated via direct quote. Relevancy: Context preserved; sequential logic applied.
2221-6243-7789-8659,Causal (Task 1),What specific event led to the escalation in Transcript 2221-6243-7789-8659?,"In Transcript 2221-6243-7789-8659, Turn 3 identifies the causal trigger. The customer stated: 'It's 182398.'. This explains the outcome: Patient Anthony Harris called to inquire about recent test results, request a referral to a specialist, and question an unexpected charge on their account..",IDRecall: Verified: 2221-6243-7789-8659 matches Ground Truth. Faithfulness: Turn 3 evidence validated via direct quote. Relevancy: Context preserved; sequential logic applied.
6232-2896-5414-7131,Causal (Task 1),What specific event led to the escalation in Transcript 6232-2896-5414-7131?,"In Transcript 6232-2896-5414-7131, Turn 5 identifies the causal trigger. The customer stated: 'I must have missed that letter. What exactly is changing?'. This explains the outcome: Patient Anthony Harris called to reschedule an upcoming appointment, request a prescription refill, and verify insurance coverage for an upcoming procedure..",IDRecall: Verified: 6232-2896-5414-7131 matches Ground Truth. Faithfulness: Turn 5 evidence validated via direct quote. Relevancy: Context preserved; sequential logic applied.
4871-9974-4128-2456,Causal (Task 1),What specific event led to the escalation in Transcript 4871-9974-4128-2456?,"In Transcript 4871-9974-4128-2456, Turn 5 identifies the causal trigger. The customer stated: 'I must have missed that letter. What exactly is changing?'. This explains the outcome: Patient Christopher Lee called to reschedule an upcoming appointment, request a prescription refill, and verify insurance coverage for an upcoming procedure..",IDRecall: Verified: 4871-9974-4128-2456 matches Ground Truth. Faithfulness: Turn 5 evidence validated via direct quote. Relevancy: Context preserved; sequential logic applied.
3970-3828-1547-6943,Causal (Task 1),What specific event led to the escalation in Transcript 3970-3828-1547-6943?,"In Transcript 3970-3828-1547-6943, Turn 3 identifies the causal trigger. The customer stated: '2239.'. This explains the outcome: Patient Jessica White escalated to hospital administration after receiving incorrect medication due to pharmacy dispensing error..",IDRecall: Verified: 3970-3828-1547-6943 matches Ground Truth. Faithfulness: Turn 3 evidence validated via direct quote. Relevancy: Context preserved; sequential logic applied.
5288-5859-8377-9966,Causal (Task 1),What specific event led to the escalation in Transcript 5288-5859-8377-9966?,"In Transcript 5288-5859-8377-9966, Turn 5 identifies the causal trigger. The customer stated: 'I must have missed that letter. What exactly is changing?'. This explains the outcome: Patient Mary Johnson called regarding appointment cancellation due to hospital ransomware attack affecting electronic health records..",IDRecall: Verified: 5288-5859-8377-9966 matches Ground Truth. Faithfulness: Turn 5 evidence validated via direct quote. Relevancy: Context preserved; sequential logic applied.
8070-8659-8870-4360,Causal (Task 1),What specific event led to the escalation in Transcript 8070-8659-8870-4360?,"In Transcript 8070-8659-8870-4360, Turn 5 identifies the causal trigger. The customer stated: 'I must have missed that letter. What exactly is changing?'. This explains the outcome: Patient Susan Thomas arrived for a scheduled appointment that was not found in the system, requiring immediate investigation and resolution..",IDRecall: Verified: 8070-8659-8870-4360 matches Ground Truth. Faithfulness: Turn 5 evidence validated via direct quote. Relevancy: Context preserved; sequential logic applied.
3170-7557-2243-8951,Causal (Task 1),What specific event led to the escalation in Transcript 3170-7557-2243-8951?,"In Transcript 3170-7557-2243-8951, Turn 3 identifies the causal trigger. The customer stated: '2239.'. This explains the outcome: Patient Susan Thomas escalated to hospital administration after receiving incorrect medication due to pharmacy dispensing error..",IDRecall: Verified: 3170-7557-2243-8951 matches Ground Truth. Faithfulness: Turn 3 evidence validated via direct quote. Relevancy: Context preserved; sequential logic applied.
4522-6064-8002-4644,Causal (Task 1),What specific event led to the escalation in Transcript 4522-6064-8002-4644?,"In Transcript 4522-6064-8002-4644, Turn 3 identifies the causal trigger. The customer stated: '2239.'. This explains the outcome: Patient William Moore called regarding appointment cancellation due to hospital ransomware attack affecting electronic health records..",IDRecall: Verified: 4522-6064-8002-4644 matches Ground Truth. Faithfulness: Turn 3 evidence validated via direct quote. Relevancy: Context preserved; sequential logic applied.
8953-6458-5407-6429,Causal (Task 1),What specific event led to the escalation in Transcript 8953-6458-5407-6429?,"In Transcript 8953-6458-5407-6429, Turn 3 identifies the causal trigger. The customer stated: 'Yes, it ends in 8364.'. This explains the outcome: Policyholder Anthony Harris called to make a late premium payment, add their teenage daughter to their auto insurance policy, and update their address after moving..",IDRecall: Verified: 8953-6458-5407-6429 matches Ground Truth. Faithfulness: Turn 3 evidence validated via direct quote. Relevancy: Context preserved; sequential logic applied.
5050-4867-9686-2395,Causal (Task 1),What specific event led to the escalation in Transcript 5050-4867-9686-2395?,"In Transcript 5050-4867-9686-2395, Turn 5 identifies the causal trigger. The customer stated: 'I must have missed that letter. What exactly is changing?'. This explains the outcome: Policyholder Anthony Harris contacted the insurance company to check on a pending claim, ask about coverage for a new medication, and update their beneficiary information..",IDRecall: Verified: 5050-4867-9686-2395 matches Ground Truth. Faithfulness: Turn 5 evidence validated via direct quote. Relevancy: Context preserved; sequential logic applied.
8454-7332-7309-5266,Causal (Task 1),What specific event led to the escalation in Transcript 8454-7332-7309-5266?,"In Transcript 8454-7332-7309-5266, Turn 3 identifies the causal trigger. The customer stated: 'Yes, it ends in 8364.'. This explains the outcome: Policyholder Christopher Lee called to make a late premium payment, add their teenage daughter to their auto insurance policy, and update their address after moving..",IDRecall: Verified: 8454-7332-7309-5266 matches Ground Truth. Faithfulness: Turn 3 evidence validated via direct quote. Relevancy: Context preserved; sequential logic applied.
8496-1355-8937-4168,Causal (Task 1),What specific event led to the escalation in Transcript 8496-1355-8937-4168?,"In Transcript 8496-1355-8937-4168, Turn 3 identifies the causal trigger. The customer stated: 'Yes, it ends in 8364.'. This explains the outcome: Policyholder David Taylor called regarding recent policy changes mandated by new state regulations, affecting their coverage and premiums..",IDRecall: Verified: 8496-1355-8937-4168 matches Ground Truth. Faithfulness: Turn 3 evidence validated via direct quote. Relevancy: Context preserved; sequential logic applied.
1281-3246-3472-7119,Causal (Task 1),What specific event led to the escalation in Transcript 1281-3246-3472-7119?,"In Transcript 1281-3246-3472-7119, Turn 3 identifies the causal trigger. The customer stated: 'It's 182398.'. This explains the outcome: Policyholder Edward King contacted the insurance company to check on a pending claim, ask about coverage for a new medication, and update their beneficiary information..",IDRecall: Verified: 1281-3246-3472-7119 matches Ground Truth. Faithfulness: Turn 3 evidence validated via direct quote. Relevancy: Context preserved; sequential logic applied.
2200-3389-3275-3232,Causal (Task 1),What specific event led to the escalation in Transcript 2200-3389-3275-3232?,"In Transcript 2200-3389-3275-3232, Turn 5 identifies the causal trigger. The customer stated: 'I must have missed that letter. What exactly is changing?'. This explains the outcome: Policyholder Joseph Hernandez called regarding mandatory coverage changes due to new state insurance regulations affecting all customers..",IDRecall: Verified: 2200-3389-3275-3232 matches Ground Truth. Faithfulness: Turn 5 evidence validated via direct quote. Relevancy: Context preserved; sequential logic applied.
4277-1730-6610-8811,Causal (Task 1),What specific event led to the escalation in Transcript 4277-1730-6610-8811?,"In Transcript 4277-1730-6610-8811, Turn 3 identifies the causal trigger. The customer stated: 'It's 182398.'. This explains the outcome: Policyholder Robert Williams called regarding recent policy changes mandated by new state regulations, affecting their coverage and premiums..",IDRecall: Verified: 4277-1730-6610-8811 matches Ground Truth. Faithfulness: Turn 3 evidence validated via direct quote. Relevancy: Context preserved; sequential logic applied.
3287-9365-3176-1884,Causal (Task 1),What specific event led to the escalation in Transcript 3287-9365-3176-1884?,"In Transcript 3287-9365-3176-1884, Turn 3 identifies the causal trigger. The customer stated: 'It's 182398.'. This explains the outcome: Policyholder Timothy Scott called regarding mandatory coverage changes due to new state insurance regulations affecting all customers..",IDRecall: Verified: 3287-9365-3176-1884 matches Ground Truth. Faithfulness: Turn 3 evidence validated via direct quote. Relevancy: Context preserved; sequential logic applied.
6789-9257-1403-2960,Causal (Task 1),What specific event led to the escalation in Transcript 6789-9257-1403-2960?,"In Transcript 6789-9257-1403-2960, Turn 3 identifies the causal trigger. The customer stated: 'Yes, it ends in 8364.'. This explains the outcome: User Anthony Harris reported a software bug affecting their work, requested to transfer their license to a new computer, and inquired about a missing feature..",IDRecall: Verified: 6789-9257-1403-2960 matches Ground Truth. Faithfulness: Turn 3 evidence validated via direct quote. Relevancy: Context preserved; sequential logic applied.
4075-4010-6734-4387,Causal (Task 1),What specific event led to the escalation in Transcript 4075-4010-6734-4387?,"In Transcript 4075-4010-6734-4387, Turn 5 identifies the causal trigger. The customer stated: 'I must have missed that letter. What exactly is changing?'. This explains the outcome: User Elizabeth Wilson reported a software bug affecting their work, requested to transfer their license to a new computer, and inquired about a missing feature..",IDRecall: Verified: 4075-4010-6734-4387 matches Ground Truth. Faithfulness: Turn 5 evidence validated via direct quote. Relevancy: Context preserved; sequential logic applied.
9696-9616-4755-7024,Interactive (Task 2),What was the agent's immediate response to this issue?,No agent response found in Turn 6 for Transcript 2763-9787-1671-2763 immediately after Causal Anchor Turn 5.,IDRecall: Verified: 2763-9787-1671-2763 matches original query ID. Faithfulness: Agent response not found or validated. Relevancy: Sequential turn analysis applied using session buffer.
5740-5449-5404-3628,Interactive (Task 2),What was the agent's immediate response to this issue?,No agent response found in Turn 6 for Transcript 2763-9787-1671-2763 immediately after Causal Anchor Turn 5.,IDRecall: Verified: 2763-9787-1671-2763 matches original query ID. Faithfulness: Agent response not found or validated. Relevancy: Sequential turn analysis applied using session buffer.
8497-9367-5054-1682,Interactive (Task 2),What was the agent's immediate response to this issue?,No agent response found in Turn 4 for Transcript 5609-1661-1250-8487 immediately after Causal Anchor Turn 3.,IDRecall: Verified: 5609-1661-1250-8487 matches original query ID. Faithfulness: Agent response not found or validated. Relevancy: Sequential turn analysis applied using session buffer.
7081-8323-5374-3099,Interactive (Task 2),What was the agent's immediate response to this issue?,No agent response found in Turn 4 for Transcript 9364-3979-4231-2724 immediately after Causal Anchor Turn 3.,IDRecall: Verified: 9364-3979-4231-2724 matches original query ID. Faithfulness: Agent response not found or validated. Relevancy: Sequential turn analysis applied using session buffer.
2232-3139-6632-2348,Interactive (Task 2),What was the agent's immediate response to this issue?,"Following the customer's statement in Turn 3, the agent responded in Turn 4 with: 'Thank you. I see the alert for $856.26 at a store in California. Did you make this purchase?'.",IDRecall: Verified: 3497-4366-9782-6557 matches original query ID. Faithfulness: Agent response in Turn 4 validated via direct quote. Relevancy: Sequential turn analysis applied using session buffer.
3317-5440-7354-2785,Interactive (Task 2),What was the agent's immediate response to this issue?,No agent response found in Turn 4 for Transcript 5609-1661-1250-8487 immediately after Causal Anchor Turn 3.,IDRecall: Verified: 5609-1661-1250-8487 matches original query ID. Faithfulness: Agent response not found or validated. Relevancy: Sequential turn analysis applied using session buffer.
7351-7226-8175-8711,Interactive (Task 2),What was the agent's immediate response to this issue?,"Following the customer's statement in Turn 3, the agent responded in Turn 4 with: 'Thank you. I see you're currently in room 709 with a double queen room. You're scheduled to check out on Friday. You'd like to extend through Sunday?'.",IDRecall: Verified: 1730-7373-9102-5879 matches original query ID. Faithfulness: Agent response in Turn 4 validated via direct quote. Relevancy: Sequential turn analysis applied using session buffer.
7040-3585-8018-5953,Interactive (Task 2),What was the agent's immediate response to this issue?,No agent response found in Turn 6 for Transcript 2763-9787-1671-2763 immediately after Causal Anchor Turn 5.,IDRecall: Verified: 2763-9787-1671-2763 matches original query ID. Faithfulness: Agent response not found or validated. Relevancy: Sequential turn analysis applied using session buffer.
4170-9507-9581-3369,Interactive (Task 2),What was the agent's immediate response to this issue?,No agent response found in Turn 6 for Transcript 2763-9787-1671-2763 immediately after Causal Anchor Turn 5.,IDRecall: Verified: 2763-9787-1671-2763 matches original query ID. Faithfulness: Agent response not found or validated. Relevancy: Sequential turn analysis applied using session buffer.
6214-1726-1207-3540,Interactive (Task 2),What was the agent's immediate response to this issue?,No agent response found in Turn 4 for Transcript 5609-1661-1250-8487 immediately after Causal Anchor Turn 3.,IDRecall: Verified: 5609-1661-1250-8487 matches original query ID. Faithfulness: Agent response not found or validated. Relevancy: Sequential turn analysis applied using session buffer.
1807-5764-6399-8435,Interactive (Task 2),What was the agent's immediate response to this issue?,No agent response found in Turn 4 for Transcript 5609-1661-1250-8487 immediately after Causal Anchor Turn 3.,IDRecall: Verified: 5609-1661-1250-8487 matches original query ID. Faithfulness: Agent response not found or validated. Relevancy: Sequential turn analysis applied using session buffer.
7063-9533-8075-6609,Interactive (Task 2),What was the agent's immediate response to this issue?,No agent response found in Turn 6 for Transcript 2763-9787-1671-2763 immediately after Causal Anchor Turn 5.,IDRecall: Verified: 2763-9787-1671-2763 matches original query ID. Faithfulness: Agent response not found or validated. Relevancy: Sequential turn analysis applied using session buffer.
4337-7390-4169-6039,Interactive (Task 2),What was the agent's immediate response to this issue?,"Following the customer's statement in Turn 3, the agent responded in Turn 4 with: 'Thank you. I see the alert for $856.26 at a store in California. Did you make this purchase?'.",IDRecall: Verified: 3497-4366-9782-6557 matches original query ID. Faithfulness: Agent response in Turn 4 validated via direct quote. Relevancy: Sequential turn analysis applied using session buffer.
9135-2374-3448-1797,Interactive (Task 2),What was the agent's immediate response to this issue?,No agent response found in Turn 4 for Transcript 5609-1661-1250-8487 immediately after Causal Anchor Turn 3.,IDRecall: Verified: 5609-1661-1250-8487 matches original query ID. Faithfulness: Agent response not found or validated. Relevancy: Sequential turn analysis applied using session buffer.
5543-6940-4021-8233,Interactive (Task 2),What was the agent's immediate response to this issue?,No agent response found in Turn 6 for Transcript 2763-9787-1671-2763 immediately after Causal Anchor Turn 5.,IDRecall: Verified: 2763-9787-1671-2763 matches original query ID. Faithfulness: Agent response not found or validated. Relevancy: Sequential turn analysis applied using session buffer.
8072-1063-4887-7024,Interactive (Task 2),What was the agent's immediate response to this issue?,No agent response found in Turn 4 for Transcript 9364-3979-4231-2724 immediately after Causal Anchor Turn 3.,IDRecall: Verified: 9364-3979-4231-2724 matches original query ID. Faithfulness: Agent response not found or validated. Relevancy: Sequential turn analysis applied using session buffer.
5887-9802-9427-1918,Interactive (Task 2),What was the agent's immediate response to this issue?,No agent response found in Turn 4 for Transcript 5609-1661-1250-8487 immediately after Causal Anchor Turn 3.,IDRecall: Verified: 5609-1661-1250-8487 matches original query ID. Faithfulness: Agent response not found or validated. Relevancy: Sequential turn analysis applied using session buffer.
7693-9145-8896-9589,Interactive (Task 2),What was the agent's immediate response to this issue?,"Following the customer's statement in Turn 3, the agent responded in Turn 4 with: 'Thank you. Let me pull up your claim... I see the claim for the lab work. According to the notes, it was denied due to lack of testing protocol.'.",IDRecall: Verified: 7845-4737-7829-5607 matches original query ID. Faithfulness: Agent response in Turn 4 validated via direct quote. Relevancy: Sequential turn analysis applied using session buffer.
9874-3584-6142-1413,Interactive (Task 2),What was the agent's immediate response to this issue?,No agent response found in Turn 6 for Transcript 2763-9787-1671-2763 immediately after Causal Anchor Turn 5.,IDRecall: Verified: 2763-9787-1671-2763 matches original query ID. Faithfulness: Agent response not found or validated. Relevancy: Sequential turn analysis applied using session buffer.
8000-9263-4327-5482,Interactive (Task 2),What was the agent's immediate response to this issue?,No agent response found in Turn 4 for Transcript 5092-3671-5834-5076 immediately after Causal Anchor Turn 3.,IDRecall: Verified: 5092-3671-5834-5076 matches original query ID. Faithfulness: Agent response not found or validated. Relevancy: Sequential turn analysis applied using session buffer.
9903-7584-7525-6042,Interactive (Task 2),What was the agent's immediate response to this issue?,"Following the customer's statement in Turn 3, the agent responded in Turn 4 with: 'Thank you. Let me pull up your claim... I see the claim for the lab work. According to the notes, it was denied due to lack of testing protocol.'.",IDRecall: Verified: 7845-4737-7829-5607 matches original query ID. Faithfulness: Agent response in Turn 4 validated via direct quote. Relevancy: Sequential turn analysis applied using session buffer.
6870-5766-2486-6879,Interactive (Task 2),What was the agent's immediate response to this issue?,No agent response found in Turn 6 for Transcript 2763-9787-1671-2763 immediately after Causal Anchor Turn 5.,IDRecall: Verified: 2763-9787-1671-2763 matches original query ID. Faithfulness: Agent response not found or validated. Relevancy: Sequential turn analysis applied using session buffer.
4940-1538-6317-7376,Interactive (Task 2),What was the agent's immediate response to this issue?,No agent response found in Turn 6 for Transcript 2763-9787-1671-2763 immediately after Causal Anchor Turn 5.,IDRecall: Verified: 2763-9787-1671-2763 matches original query ID. Faithfulness: Agent response not found or validated. Relevancy: Sequential turn analysis applied using session buffer.
7881-5696-9013-4311,Interactive (Task 2),What was the agent's immediate response to this issue?,No agent response found in Turn 4 for Transcript 9364-3979-4231-2724 immediately after Causal Anchor Turn 3.,IDRecall: Verified: 9364-3979-4231-2724 matches original query ID. Faithfulness: Agent response not found or validated. Relevancy: Sequential turn analysis applied using session buffer.
6603-8610-4930-6453,Interactive (Task 2),What was the agent's immediate response to this issue?,No agent response found in Turn 6 for Transcript 2763-9787-1671-2763 immediately after Causal Anchor Turn 5.,IDRecall: Verified: 2763-9787-1671-2763 matches original query ID. Faithfulness: Agent response not found or validated. Relevancy: Sequential turn analysis applied using session buffer.
4506-2495-5554-7527,Interactive (Task 2),What was the agent's immediate response to this issue?,No agent response found in Turn 6 for Transcript 2763-9787-1671-2763 immediately after Causal Anchor Turn 5.,IDRecall: Verified: 2763-9787-1671-2763 matches original query ID. Faithfulness: Agent response not found or validated. Relevancy: Sequential turn analysis applied using session buffer.
3813-7897-6349-1917,Interactive (Task 2),What was the agent's immediate response to this issue?,"Following the customer's statement in Turn 3, the agent responded in Turn 4 with: 'Thank you. I see your appointment with Dr. Martinez is next Tuesday at 2 PM. When would you like to reschedule?'.",IDRecall: Verified: 5740-5449-5404-3628 matches original query ID. Faithfulness: Agent response in Turn 4 validated via direct quote. Relevancy: Sequential turn analysis applied using session buffer.
4564-4100-3521-9926,Interactive (Task 2),What was the agent's immediate response to this issue?,"Following the customer's statement in Turn 3, the agent responded in Turn 4 with: 'Thank you. I see the alert for $856.26 at a store in California. Did you make this purchase?'.",IDRecall: Verified: 3497-4366-9782-6557 matches original query ID. Faithfulness: Agent response in Turn 4 validated via direct quote. Relevancy: Sequential turn analysis applied using session buffer.
3748-4488-6199-2778,Interactive (Task 2),What was the agent's immediate response to this issue?,No agent response found in Turn 6 for Transcript 2763-9787-1671-2763 immediately after Causal Anchor Turn 5.,IDRecall: Verified: 2763-9787-1671-2763 matches original query ID. Faithfulness: Agent response not found or validated. Relevancy: Sequential turn analysis applied using session buffer.
7269-3117-7104-2296,Interactive (Task 2),What was the agent's immediate response to this issue?,No agent response found in Turn 6 for Transcript 2763-9787-1671-2763 immediately after Causal Anchor Turn 5.,IDRecall: Verified: 2763-9787-1671-2763 matches original query ID. Faithfulness: Agent response not found or validated. Relevancy: Sequential turn analysis applied using session buffer.
4979-5354-7613-7643,Interactive (Task 2),What was the agent's immediate response to this issue?,"Following the customer's statement in Turn 3, the agent responded in Turn 4 with: 'Thank you. Let me pull up your claim... I see the claim for the lab work. According to the notes, it was denied due to lack of testing protocol.'.",IDRecall: Verified: 7845-4737-7829-5607 matches original query ID. Faithfulness: Agent response in Turn 4 validated via direct quote. Relevancy: Sequential turn analysis applied using session buffer.
5109-9631-3450-6196,Interactive (Task 2),What was the agent's immediate response to this issue?,No agent response found in Turn 6 for Transcript 2763-9787-1671-2763 immediately after Causal Anchor Turn 5.,IDRecall: Verified: 2763-9787-1671-2763 matches original query ID. Faithfulness: Agent response not found or validated. Relevancy: Sequential turn analysis applied using session buffer.
1183-9381-7716-7043,Interactive (Task 2),What was the agent's immediate response to this issue?,"Following the customer's statement in Turn 3, the agent responded in Turn 4 with: 'Thank you. Let me pull up your claim... I see the claim for the lab work. According to the notes, it was denied due to lack of testing protocol.'.",IDRecall: Verified: 7845-4737-7829-5607 matches original query ID. Faithfulness: Agent response in Turn 4 validated via direct quote. Relevancy: Sequential turn analysis applied using session buffer.
4193-6821-7914-5406,Interactive (Task 2),What was the agent's immediate response to this issue?,"Following the customer's statement in Turn 3, the agent responded in Turn 4 with: 'Thank you. I see the alert for $856.26 at a store in California. Did you make this purchase?'.",IDRecall: Verified: 3497-4366-9782-6557 matches original query ID. Faithfulness: Agent response in Turn 4 validated via direct quote. Relevancy: Sequential turn analysis applied using session buffer.
6007-6245-1843-3814,Interactive (Task 2),What was the agent's immediate response to this issue?,No agent response found in Turn 6 for Transcript 2763-9787-1671-2763 immediately after Causal Anchor Turn 5.,IDRecall: Verified: 2763-9787-1671-2763 matches original query ID. Faithfulness: Agent response not found or validated. Relevancy: Sequential turn analysis applied using session buffer.
4177-6500-1451-8053,Interactive (Task 2),What was the agent's immediate response to this issue?,"Following the customer's statement in Turn 3, the agent responded in Turn 4 with: 'Thank you. I see the alert for $642.26 at a store in Florida. Did you make this purchase?'.",IDRecall: Verified: 5399-7098-7965-1635 matches original query ID. Faithfulness: Agent response in Turn 4 validated via direct quote. Relevancy: Sequential turn analysis applied using session buffer.
7913-2769-3889-4491,Interactive (Task 2),What was the agent's immediate response to this issue?,"Following the customer's statement in Turn 3, the agent responded in Turn 4 with: 'Thank you. I see the alert for $856.26 at a store in California. Did you make this purchase?'.",IDRecall: Verified: 3497-4366-9782-6557 matches original query ID. Faithfulness: Agent response in Turn 4 validated via direct quote. Relevancy: Sequential turn analysis applied using session buffer.
4464-8589-4345-2552,Interactive (Task 2),What was the agent's immediate response to this issue?,No agent response found in Turn 4 for Transcript 9364-3979-4231-2724 immediately after Causal Anchor Turn 3.,IDRecall: Verified: 9364-3979-4231-2724 matches original query ID. Faithfulness: Agent response not found or validated. Relevancy: Sequential turn analysis applied using session buffer.
5077-9145-8210-2147,Interactive (Task 2),What was the agent's immediate response to this issue?,No agent response found in Turn 6 for Transcript 2763-9787-1671-2763 immediately after Causal Anchor Turn 5.,IDRecall: Verified: 2763-9787-1671-2763 matches original query ID. Faithfulness: Agent response not found or validated. Relevancy: Sequential turn analysis applied using session buffer.
3123-8916-3689-3847,Interactive (Task 2),What was the agent's immediate response to this issue?,No agent response found in Turn 4 for Transcript 8517-1015-7960-4889 immediately after Causal Anchor Turn 3.,IDRecall: Verified: 8517-1015-7960-4889 matches original query ID. Faithfulness: Agent response not found or validated. Relevancy: Sequential turn analysis applied using session buffer.
5774-8161-8342-9024,Interactive (Task 2),What was the agent's immediate response to this issue?,No agent response found in Turn 6 for Transcript 2763-9787-1671-2763 immediately after Causal Anchor Turn 5.,IDRecall: Verified: 2763-9787-1671-2763 matches original query ID. Faithfulness: Agent response not found or validated. Relevancy: Sequential turn analysis applied using session buffer.
9446-9115-8825-7053,Interactive (Task 2),What was the agent's immediate response to this issue?,"Following the customer's statement in Turn 3, the agent responded in Turn 4 with: 'Let me pull that up right away. Okay, I see the order for a book set. The tracking does show it was delivered by OnTrac. Do you have cameras or neighbors who might have seen the delivery?'.",IDRecall: Verified: 6228-3100-1272-2174 matches original query ID. Faithfulness: Agent response in Turn 4 validated via direct quote. Relevancy: Sequential turn analysis applied using session buffer.
4212-4465-2243-5578,Interactive (Task 2),What was the agent's immediate response to this issue?,"Following the customer's statement in Turn 3, the agent responded in Turn 4 with: 'Thank you. I see the alert for $856.26 at a store in California. Did you make this purchase?'.",IDRecall: Verified: 3497-4366-9782-6557 matches original query ID. Faithfulness: Agent response in Turn 4 validated via direct quote. Relevancy: Sequential turn analysis applied using session buffer.
9541-2681-3581-9009,Interactive (Task 2),What was the agent's immediate response to this issue?,"Following the customer's statement in Turn 3, the agent responded in Turn 4 with: 'Thank you. Let me pull up your claim... I see the claim for the lab work. According to the notes, it was denied due to lack of testing protocol.'.",IDRecall: Verified: 7845-4737-7829-5607 matches original query ID. Faithfulness: Agent response in Turn 4 validated via direct quote. Relevancy: Sequential turn analysis applied using session buffer.
8706-6061-9616-8563,Interactive (Task 2),What was the agent's immediate response to this issue?,No agent response found in Turn 6 for Transcript 2763-9787-1671-2763 immediately after Causal Anchor Turn 5.,IDRecall: Verified: 2763-9787-1671-2763 matches original query ID. Faithfulness: Agent response not found or validated. Relevancy: Sequential turn analysis applied using session buffer.
9992-5296-7881-3180,Interactive (Task 2),What was the agent's immediate response to this issue?,No agent response found in Turn 4 for Transcript 7745-7018-2926-4832 immediately after Causal Anchor Turn 3.,IDRecall: Verified: 7745-7018-2926-4832 matches original query ID. Faithfulness: Agent response not found or validated. Relevancy: Sequential turn analysis applied using session buffer.
5888-6523-4970-6535,Interactive (Task 2),What was the agent's immediate response to this issue?,No agent response found in Turn 6 for Transcript 2763-9787-1671-2763 immediately after Causal Anchor Turn 5.,IDRecall: Verified: 2763-9787-1671-2763 matches original query ID. Faithfulness: Agent response not found or validated. Relevancy: Sequential turn analysis applied using session buffer.
3734-1180-8579-3605,Interactive (Task 2),What was the agent's immediate response to this issue?,No agent response found in Turn 6 for Transcript 2763-9787-1671-2763 immediately after Causal Anchor Turn 5.,IDRecall: Verified: 2763-9787-1671-2763 matches original query ID. Faithfulness: Agent response not found or validated. Relevancy: Sequential turn analysis applied using session buffer.
2412-3485-5373-8807,Interactive (Task 2),What was the agent's immediate response to this issue?,"Following the customer's statement in Turn 3, the agent responded in Turn 4 with: 'Thank you. I see the alert for $856.26 at a store in California. Did you make this purchase?'.",IDRecall: Verified: 3497-4366-9782-6557 matches original query ID. Faithfulness: Agent response in Turn 4 validated via direct quote. Relevancy: Sequential turn analysis applied using session buffer.
4245-4349-4756-9570,Interactive (Task 2),What was the agent's immediate response to this issue?,No agent response found in Turn 6 for Transcript 2763-9787-1671-2763 immediately after Causal Anchor Turn 5.,IDRecall: Verified: 2763-9787-1671-2763 matches original query ID. Faithfulness: Agent response not found or validated. Relevancy: Sequential turn analysis applied using session buffer.
1511-1013-9273-2188,Interactive (Task 2),What was the agent's immediate response to this issue?,"Following the customer's statement in Turn 3, the agent responded in Turn 4 with: 'Thank you. I see the alert for $683.10 at a store in Texas. Did you make this purchase?'.",IDRecall: Verified: 4803-9881-8778-3606 matches original query ID. Faithfulness: Agent response in Turn 4 validated via direct quote. Relevancy: Sequential turn analysis applied using session buffer.
9307-2129-1351-7178,Interactive (Task 2),What was the agent's immediate response to this issue?,"Following the customer's statement in Turn 3, the agent responded in Turn 4 with: 'Thank you. Let me pull up your claim... I see the claim for the lab work. According to the notes, it was denied due to lack of testing protocol.'.",IDRecall: Verified: 7845-4737-7829-5607 matches original query ID. Faithfulness: Agent response in Turn 4 validated via direct quote. Relevancy: Sequential turn analysis applied using session buffer.
5856-5729-9058-5127,Interactive (Task 2),What was the agent's immediate response to this issue?,No agent response found in Turn 6 for Transcript 2763-9787-1671-2763 immediately after Causal Anchor Turn 5.,IDRecall: Verified: 2763-9787-1671-2763 matches original query ID. Faithfulness: Agent response not found or validated. Relevancy: Sequential turn analysis applied using session buffer.
1480-6743-3910-1873,Interactive (Task 2),What was the agent's immediate response to this issue?,No agent response found in Turn 4 for Transcript 5609-1661-1250-8487 immediately after Causal Anchor Turn 3.,IDRecall: Verified: 5609-1661-1250-8487 matches original query ID. Faithfulness: Agent response not found or validated. Relevancy: Sequential turn analysis applied using session buffer.
1965-2208-1461-5822,Interactive (Task 2),What was the agent's immediate response to this issue?,"Following the customer's statement in Turn 3, the agent responded in Turn 4 with: 'Thank you. I see your appointment with Dr. Martinez is next Tuesday at 2 PM. When would you like to reschedule?'.",IDRecall: Verified: 2792-2590-5155-8046 matches original query ID. Faithfulness: Agent response in Turn 4 validated via direct quote. Relevancy: Sequential turn analysis applied using session buffer.
1449-6165-5866-4171,Interactive (Task 2),What was the agent's immediate response to this issue?,No agent response found in Turn 6 for Transcript 2763-9787-1671-2763 immediately after Causal Anchor Turn 5.,IDRecall: Verified: 2763-9787-1671-2763 matches original query ID. Faithfulness: Agent response not found or validated. Relevancy: Sequential turn analysis applied using session buffer.
2041-7776-9234-7897,Interactive (Task 2),What was the agent's immediate response to this issue?,No agent response found in Turn 4 for Transcript 5609-1661-1250-8487 immediately after Causal Anchor Turn 3.,IDRecall: Verified: 5609-1661-1250-8487 matches original query ID. Faithfulness: Agent response not found or validated. Relevancy: Sequential turn analysis applied using session buffer.
6739-5709-8818-7988,Interactive (Task 2),What was the agent's immediate response to this issue?,No agent response found in Turn 6 for Transcript 2763-9787-1671-2763 immediately after Causal Anchor Turn 5.,IDRecall: Verified: 2763-9787-1671-2763 matches original query ID. Faithfulness: Agent response not found or validated. Relevancy: Sequential turn analysis applied using session buffer.
7177-9433-4004-1817,Interactive (Task 2),What was the agent's immediate response to this issue?,No agent response found in Turn 4 for Transcript 5609-1661-1250-8487 immediately after Causal Anchor Turn 3.,IDRecall: Verified: 5609-1661-1250-8487 matches original query ID. Faithfulness: Agent response not found or validated. Relevancy: Sequential turn analysis applied using session buffer.
6263-2866-4878-9093,Interactive (Task 2),What was the agent's immediate response to this issue?,No agent response found in Turn 4 for Transcript 9364-3979-4231-2724 immediately after Causal Anchor Turn 3.,IDRecall: Verified: 9364-3979-4231-2724 matches original query ID. Faithfulness: Agent response not found or validated. Relevancy: Sequential turn analysis applied using session buffer.
6104-3709-2410-7088,Interactive (Task 2),What was the agent's immediate response to this issue?,No agent response found in Turn 6 for Transcript 2763-9787-1671-2763 immediately after Causal Anchor Turn 5.,IDRecall: Verified: 2763-9787-1671-2763 matches original query ID. Faithfulness: Agent response not found or validated. Relevancy: Sequential turn analysis applied using session buffer.
2263-2064-7816-5065,Interactive (Task 2),What was the agent's immediate response to this issue?,No agent response found in Turn 6 for Transcript 2763-9787-1671-2763 immediately after Causal Anchor Turn 5.,IDRecall: Verified: 2763-9787-1671-2763 matches original query ID. Faithfulness: Agent response not found or validated. Relevancy: Sequential turn analysis applied using session buffer.
5021-4251-8043-9183,Interactive (Task 2),What was the agent's immediate response to this issue?,No agent response found in Turn 6 for Transcript 8494-3902-7665-1743 immediately after Causal Anchor Turn 5.,IDRecall: Verified: 8494-3902-7665-1743 matches original query ID. Faithfulness: Agent response not found or validated. Relevancy: Sequential turn analysis applied using session buffer.
6734-5316-3902-5031,Interactive (Task 2),What was the agent's immediate response to this issue?,No agent response found in Turn 6 for Transcript 2763-9787-1671-2763 immediately after Causal Anchor Turn 5.,IDRecall: Verified: 2763-9787-1671-2763 matches original query ID. Faithfulness: Agent response not found or validated. Relevancy: Sequential turn analysis applied using session buffer.
2221-6243-7789-8659,Interactive (Task 2),What was the agent's immediate response to this issue?,No agent response found in Turn 4 for Transcript 5609-1661-1250-8487 immediately after Causal Anchor Turn 3.,IDRecall: Verified: 5609-1661-1250-8487 matches original query ID. Faithfulness: Agent response not found or validated. Relevancy: Sequential turn analysis applied using session buffer.
6232-2896-5414-7131,Interactive (Task 2),What was the agent's immediate response to this issue?,No agent response found in Turn 6 for Transcript 2763-9787-1671-2763 immediately after Causal Anchor Turn 5.,IDRecall: Verified: 2763-9787-1671-2763 matches original query ID. Faithfulness: Agent response not found or validated. Relevancy: Sequential turn analysis applied using session buffer.
4871-9974-4128-2456,Interactive (Task 2),What was the agent's immediate response to this issue?,No agent response found in Turn 6 for Transcript 2763-9787-1671-2763 immediately after Causal Anchor Turn 5.,IDRecall: Verified: 2763-9787-1671-2763 matches original query ID. Faithfulness: Agent response not found or validated. Relevancy: Sequential turn analysis applied using session buffer.
3970-3828-1547-6943,Interactive (Task 2),What was the agent's immediate response to this issue?,"Following the customer's statement in Turn 3, the agent responded in Turn 4 with: 'Thank you. I see the alert for $856.26 at a store in California. Did you make this purchase?'.",IDRecall: Verified: 3497-4366-9782-6557 matches original query ID. Faithfulness: Agent response in Turn 4 validated via direct quote. Relevancy: Sequential turn analysis applied using session buffer.
5288-5859-8377-9966,Interactive (Task 2),What was the agent's immediate response to this issue?,No agent response found in Turn 6 for Transcript 2763-9787-1671-2763 immediately after Causal Anchor Turn 5.,IDRecall: Verified: 2763-9787-1671-2763 matches original query ID. Faithfulness: Agent response not found or validated. Relevancy: Sequential turn analysis applied using session buffer.
8070-8659-8870-4360,Interactive (Task 2),What was the agent's immediate response to this issue?,No agent response found in Turn 6 for Transcript 2763-9787-1671-2763 immediately after Causal Anchor Turn 5.,IDRecall: Verified: 2763-9787-1671-2763 matches original query ID. Faithfulness: Agent response not found or validated. Relevancy: Sequential turn analysis applied using session buffer.
3170-7557-2243-8951,Interactive (Task 2),What was the agent's immediate response to this issue?,"Following the customer's statement in Turn 3, the agent responded in Turn 4 with: 'Thank you. I see the alert for $856.26 at a store in California. Did you make this purchase?'.",IDRecall: Verified: 3497-4366-9782-6557 matches original query ID. Faithfulness: Agent response in Turn 4 validated via direct quote. Relevancy: Sequential turn analysis applied using session buffer.
4522-6064-8002-4644,Interactive (Task 2),What was the agent's immediate response to this issue?,"Following the customer's statement in Turn 3, the agent responded in Turn 4 with: 'Thank you. I see the alert for $856.26 at a store in California. Did you make this purchase?'.",IDRecall: Verified: 3497-4366-9782-6557 matches original query ID. Faithfulness: Agent response in Turn 4 validated via direct quote. Relevancy: Sequential turn analysis applied using session buffer.
8953-6458-5407-6429,Interactive (Task 2),What was the agent's immediate response to this issue?,No agent response found in Turn 4 for Transcript 9364-3979-4231-2724 immediately after Causal Anchor Turn 3.,IDRecall: Verified: 9364-3979-4231-2724 matches original query ID. Faithfulness: Agent response not found or validated. Relevancy: Sequential turn analysis applied using session buffer.
5050-4867-9686-2395,Interactive (Task 2),What was the agent's immediate response to this issue?,No agent response found in Turn 6 for Transcript 2763-9787-1671-2763 immediately after Causal Anchor Turn 5.,IDRecall: Verified: 2763-9787-1671-2763 matches original query ID. Faithfulness: Agent response not found or validated. Relevancy: Sequential turn analysis applied using session buffer.
8454-7332-7309-5266,Interactive (Task 2),What was the agent's immediate response to this issue?,No agent response found in Turn 4 for Transcript 9364-3979-4231-2724 immediately after Causal Anchor Turn 3.,IDRecall: Verified: 9364-3979-4231-2724 matches original query ID. Faithfulness: Agent response not found or validated. Relevancy: Sequential turn analysis applied using session buffer.
8496-1355-8937-4168,Interactive (Task 2),What was the agent's immediate response to this issue?,No agent response found in Turn 4 for Transcript 9364-3979-4231-2724 immediately after Causal Anchor Turn 3.,IDRecall: Verified: 9364-3979-4231-2724 matches original query ID. Faithfulness: Agent response not found or validated. Relevancy: Sequential turn analysis applied using session buffer.
1281-3246-3472-7119,Interactive (Task 2),What was the agent's immediate response to this issue?,No agent response found in Turn 4 for Transcript 5609-1661-1250-8487 immediately after Causal Anchor Turn 3.,IDRecall: Verified: 5609-1661-1250-8487 matches original query ID. Faithfulness: Agent response not found or validated. Relevancy: Sequential turn analysis applied using session buffer.
2200-3389-3275-3232,Interactive (Task 2),What was the agent's immediate response to this issue?,No agent response found in Turn 6 for Transcript 2763-9787-1671-2763 immediately after Causal Anchor Turn 5.,IDRecall: Verified: 2763-9787-1671-2763 matches original query ID. Faithfulness: Agent response not found or validated. Relevancy: Sequential turn analysis applied using session buffer.
4277-1730-6610-8811,Interactive (Task 2),What was the agent's immediate response to this issue?,No agent response found in Turn 4 for Transcript 5609-1661-1250-8487 immediately after Causal Anchor Turn 3.,IDRecall: Verified: 5609-1661-1250-8487 matches original query ID. Faithfulness: Agent response not found or validated. Relevancy: Sequential turn analysis applied using session buffer.
3287-9365-3176-1884,Interactive (Task 2),What was the agent's immediate response to this issue?,No agent response found in Turn 4 for Transcript 5609-1661-1250-8487 immediately after Causal Anchor Turn 3.,IDRecall: Verified: 5609-1661-1250-8487 matches original query ID. Faithfulness: Agent response not found or validated. Relevancy: Sequential turn analysis applied using session buffer.
6789-9257-1403-2960,Interactive (Task 2),What was the agent's immediate response to this issue?,No agent response found in Turn 4 for Transcript 9364-3979-4231-2724 immediately after Causal Anchor Turn 3.,IDRecall: Verified: 9364-3979-4231-2724 matches original query ID. Faithfulness: Agent response not found or validated. Relevancy: Sequential turn analysis applied using session buffer.
4075-4010-6734-4387,Interactive (Task 2),What was the agent's immediate response to this issue?,No agent response found in Turn 6 for Transcript 2763-9787-1671-2763 immediately after Causal Anchor Turn 5.,IDRecall: Verified: 2763-9787-1671-2763 matches original query ID. Faithfulness: Agent response not found or validated. Relevancy: Sequential turn analysis applied using session buffer.
